question_id,checkpoint,day,classification,title,md_file,html_file,visible_samples,hidden_samples
B1,Day 2 Baseline Checkpoint,2,Core,Return a Sum,Day_2_Baseline/b1_return-a-sum.md,Day_2_Baseline/b1_return-a-sum.html,2,3
B2,Day 2 Baseline Checkpoint,2,Core,Calculate a Total Cost,Day_2_Baseline/b2_calculate-a-total-cost.md,Day_2_Baseline/b2_calculate-a-total-cost.html,2,3
B3,Day 2 Baseline Checkpoint,2,Core,Build an Exact Message,Day_2_Baseline/b3_build-an-exact-message.md,Day_2_Baseline/b3_build-an-exact-message.html,1,2
B4,Day 2 Baseline Checkpoint,2,Core,Repair Arithmetic,Day_2_Baseline/b4_repair-arithmetic.md,Day_2_Baseline/b4_repair-arithmetic.html,1,3
B5,Day 2 Baseline Checkpoint,2,Core,Make a Decision,Day_2_Baseline/b5_make-a-decision.md,Day_2_Baseline/b5_make-a-decision.html,2,3
B6,Day 2 Baseline Checkpoint,2,Core,Use a Helper,Day_2_Baseline/b6_use-a-helper.md,Day_2_Baseline/b6_use-a-helper.html,1,3
B7,Day 2 Baseline Checkpoint,2,Stretch,Stretch: Read from a List,Day_2_Baseline/b7_stretch-read-from-a-list.md,Day_2_Baseline/b7_stretch-read-from-a-list.html,1,3
B8,Day 2 Baseline Checkpoint,2,Stretch,Stretch: Repeat a Calculation,Day_2_Baseline/b8_stretch-repeat-a-calculation.md,Day_2_Baseline/b8_stretch-repeat-a-calculation.html,1,3
B9,Day 2 Baseline Checkpoint,2,Stretch,Stretch: Read a Dictionary Value,Day_2_Baseline/b9_stretch-read-a-dictionary-value.md,Day_2_Baseline/b9_stretch-read-a-dictionary-value.html,1,2
B10,Day 2 Baseline Checkpoint,2,Stretch,Stretch: Count Matching Values,Day_2_Baseline/b10_stretch-count-matching-values.md,Day_2_Baseline/b10_stretch-count-matching-values.html,1,4
F1,Day 5 Final Coding Checkpoint,5,Core,"Return, Do Not Print",Day_5_Final/f1_return-do-not-print.md,Day_5_Final/f1_return-do-not-print.html,2,3
F2,Day 5 Final Coding Checkpoint,5,Core,Add Two Costs,Day_5_Final/f2_add-two-costs.md,Day_5_Final/f2_add-two-costs.html,2,3
F3,Day 5 Final Coding Checkpoint,5,Core,Multiply Quantity by Unit Price,Day_5_Final/f3_multiply-quantity-by-unit-price.md,Day_5_Final/f3_multiply-quantity-by-unit-price.html,2,3
F4,Day 5 Final Coding Checkpoint,5,Core,Calculate Remaining Budget,Day_5_Final/f4_calculate-remaining-budget.md,Day_5_Final/f4_calculate-remaining-budget.html,2,3
F5,Day 5 Final Coding Checkpoint,5,Core,Return an Exact Message,Day_5_Final/f5_return-an-exact-message.md,Day_5_Final/f5_return-an-exact-message.html,1,2
F6,Day 5 Final Coding Checkpoint,5,Core,Build a Budget Message,Day_5_Final/f6_build-a-budget-message.md,Day_5_Final/f6_build-a-budget-message.html,1,2
F7,Day 5 Final Coding Checkpoint,5,Core,Exact Boundary Comparison,Day_5_Final/f7_exact-boundary-comparison.md,Day_5_Final/f7_exact-boundary-comparison.html,2,3
F8,Day 5 Final Coding Checkpoint,5,Core,Two-Branch Decision,Day_5_Final/f8_two-branch-decision.md,Day_5_Final/f8_two-branch-decision.html,2,3
F9,Day 5 Final Coding Checkpoint,5,Core,Use a Supplied Helper,Day_5_Final/f9_use-a-supplied-helper.md,Day_5_Final/f9_use-a-supplied-helper.html,2,3
F10,Day 5 Final Coding Checkpoint,5,Core,Reuse a Returned Value,Day_5_Final/f10_reuse-a-returned-value.md,Day_5_Final/f10_reuse-a-returned-value.html,1,3
F11,Day 5 Final Coding Checkpoint,5,Core,Repair Faulty Arithmetic,Day_5_Final/f11_repair-faulty-arithmetic.md,Day_5_Final/f11_repair-faulty-arithmetic.html,2,3
F12,Day 5 Final Coding Checkpoint,5,Core,Repair a Boundary Bug,Day_5_Final/f12_repair-a-boundary-bug.md,Day_5_Final/f12_repair-a-boundary-bug.html,2,3
F13,Day 5 Final Coding Checkpoint,5,Core,Complete and Test a Status Function,Day_5_Final/f13_complete-and-test-a-status-function.md,Day_5_Final/f13_complete-and-test-a-status-function.html,3,3
F14,Day 5 Final Coding Checkpoint,5,Core,Calculate Then Decide,Day_5_Final/f14_calculate-then-decide.md,Day_5_Final/f14_calculate-then-decide.html,1,3
F15,Day 5 Final Coding Checkpoint,5,Core,Mini Integrated Summary,Day_5_Final/f15_mini-integrated-summary.md,Day_5_Final/f15_mini-integrated-summary.html,1,3
