lesson,type,title,day,filename,linked_drills
1.1,Lesson,"Git, Repositories and Saving Your Work",1,Day_1/lesson_1_1_git-repositories-and-saving-your-work.html,
1.2,Lesson,From a Problem to Instructions,1,Day_1/lesson_1_2_from-a-problem-to-instructions.html,D1.2A — Add Two Item Costs; D1.2B — Calculate Remaining Money
1.3,Lesson,Read Your First Python Function,1,Day_1/lesson_1_3_read-your-first-python-function.html,D1.3A — Complete Your First Function; D1.3B — Repair the Missing Return
1.4,Lesson,"Variables, Values and Arithmetic",1,Day_1/lesson_1_4_variables-values-and-arithmetic.html,D1.4A — Travel Cost; D1.4B — Budget After Two Costs; D1.4C — Participant Cost
1.5,Lesson,"Strings, f-Strings and Exact Returned Messages",1,Day_1/lesson_1_5_strings-f-strings-and-exact-returned-messages.html,D1.5A — Welcome Message; D1.5B — Budget Message
1.6,Lesson,"Return vs Print, Function Calls and Tracing Values",1,Day_1/lesson_1_6_return-vs-print-function-calls-and-tracing-values.html,"D1.6A — Use a Supplied Helper; D1.6B — Return, Do Not Display; D1.6C — Trace a Returned Value"
1.7,Lesson,"Read the Brief, Follow the Contract and Repair Small Errors",1,Day_1/lesson_1_7_read-the-brief-follow-the-contract-and-repair-small-errors.html,D1.7A — Follow the Brief Exactly; D1.7B — Repair a Small Logic Error
1.8,AI Lesson,What Artificial Intelligence Is — and Is Not,1,Day_1/lesson_1_8_what-artificial-intelligence-is-and-is-not.html,
2.1,Lesson,Comparisons and Boolean Questions,2,Day_2/lesson_2_1_comparisons-and-boolean-questions.html,D2.1A — Can the Budget Cover the Cost?; D2.1B — Compare Two Totals
2.2,Lesson,Make Decisions with if/else and Test the Boundary,2,Day_2/lesson_2_2_make-decisions-with-if-else-and-test-the-boundary.html,D2.2A — Funding Status; D2.2B — Capacity Status; D2.2C — Positive Places
2.3,Lesson,Function Contracts and Combining Small Functions,2,Day_2/lesson_2_3_function-contracts-and-combining-small-functions.html,D2.3A — Event Total with a Helper; D2.3B — Calculate Then Format; D2.3C — Calculate Then Decide
2.4,Lesson,Testing Expected Results and Debugging Small Programs,2,Day_2/lesson_2_4_testing-expected-results-and-debugging-small-programs.html,D2.4A — Repair Printing Cost; D2.4B — Repair an Equality Bug; D2.4C — Retest After a Fix
2.5,Lesson,"Plan from a Brief, Build a First Attempt, Use Feedback and Retest",2,Day_2/lesson_2_5_plan-from-a-brief-build-a-first-attempt-use-feedback-and-retest.html,D2.5A — Build from a Written Brief; D2.5B — Apply Feedback Without Changing the Contract
2.6,AI Lesson,Generative AI and Prompting Basics,2,Day_2/lesson_2_6_generative-ai-and-prompting-basics.html,
3.1,Lesson,Break a Team Problem into Components and Contracts,3,Day_3/lesson_3_1_break-a-team-problem-into-components-and-contracts.html,D3.1A — Implement a Component Contract; D3.1B — Implement the Status Contract
3.2,Lesson,Integrate Components and Reuse Returned Values,3,Day_3/lesson_3_2_integrate-components-and-reuse-returned-values.html,D3.2A — Integrate Participant and Venue Costs; D3.2B — Build the Final Event Summary
3.3,Lesson,"Test Your Component, Document a Handover and Repair Peer Code Carefully",3,Day_3/lesson_3_3_test-your-component-document-a-handover-and-repair-peer-code-carefully.html,D3.3A — Test a Component with Zero; D3.3B — Repair a Teammate Component
3.4,Lesson,Peer Review and Visible Individual Contribution,3,Day_3/lesson_3_4_peer-review-and-visible-individual-contribution.html,D3.4A — Review Before You Rewrite
3.5,AI Lesson,"AI as a Coding Assistant — Helpful, but Not the Owner",3,Day_3/lesson_3_5_ai-as-a-coding-assistant-helpful-but-not-the-owner.html,
3.6,AI Lesson,"Data, Context and Better Prompts",3,Day_3/lesson_3_6_data-context-and-better-prompts.html,
4.1,Lesson,Acceptance Criteria and Regression Testing,4,Day_4/lesson_4_1_acceptance-criteria-and-regression-testing.html,D4.1A — Preserve Earlier Behaviour; D4.1B — Regression Check: Exact Fit
4.2,Lesson,Debug One Cause at a Time,4,Day_4/lesson_4_2_debug-one-cause-at-a-time.html,D4.2A — Find the First Wrong Operation; D4.2B — Repair Without Breaking a Passing Helper
4.3,Lesson,Explain a Change with Evidence and Prepare for Inspection,4,Day_4/lesson_4_3_explain-a-change-with-evidence-and-prepare-for-inspection.html,D4.3A — Explainable Repair
4.4,AI Lesson,"Hallucinations, Verification, Privacy and Responsible Use",4,Day_4/lesson_4_4_hallucinations-verification-privacy-and-responsible-use.html,
