drill_id,title,day,linked_lesson,type,coins,md_file,html_file,visible_samples,hidden_samples
D1.2A,Add Two Item Costs,1,Lesson 1.2,Core,10,Day_1/d1_2a_add-two-item-costs.md,Day_1/d1_2a_add-two-item-costs.html,2,3
D1.2B,Calculate Remaining Money,1,Lesson 1.2,Reinforcement,10,Day_1/d1_2b_calculate-remaining-money.md,Day_1/d1_2b_calculate-remaining-money.html,2,3
D1.3A,Complete Your First Function,1,Lesson 1.3,Core,10,Day_1/d1_3a_complete-your-first-function.md,Day_1/d1_3a_complete-your-first-function.html,2,3
D1.3B,Repair the Missing Return,1,Lesson 1.3,Reinforcement,10,Day_1/d1_3b_repair-the-missing-return.md,Day_1/d1_3b_repair-the-missing-return.html,2,2
D1.4A,Travel Cost,1,Lesson 1.4,Core,10,Day_1/d1_4a_travel-cost.md,Day_1/d1_4a_travel-cost.html,2,3
D1.4B,Budget After Two Costs,1,Lesson 1.4,Core,10,Day_1/d1_4b_budget-after-two-costs.md,Day_1/d1_4b_budget-after-two-costs.html,2,3
D1.4C,Participant Cost,1,Lesson 1.4,Reinforcement,10,Day_1/d1_4c_participant-cost.md,Day_1/d1_4c_participant-cost.html,2,3
D1.5A,Welcome Message,1,Lesson 1.5,Core,10,Day_1/d1_5a_welcome-message.md,Day_1/d1_5a_welcome-message.html,2,2
D1.5B,Budget Message,1,Lesson 1.5,Reinforcement,10,Day_1/d1_5b_budget-message.md,Day_1/d1_5b_budget-message.html,2,2
D1.6A,Use a Supplied Helper,1,Lesson 1.6,Core,10,Day_1/d1_6a_use-a-supplied-helper.md,Day_1/d1_6a_use-a-supplied-helper.html,2,3
D1.6B,"Return, Do Not Display",1,Lesson 1.6,Reinforcement,10,Day_1/d1_6b_return-do-not-display.md,Day_1/d1_6b_return-do-not-display.html,2,2
D1.6C,Trace a Returned Value,1,Lesson 1.6,Reinforcement,10,Day_1/d1_6c_trace-a-returned-value.md,Day_1/d1_6c_trace-a-returned-value.html,2,2
D1.7A,Follow the Brief Exactly,1,Lesson 1.7,Core,10,Day_1/d1_7a_follow-the-brief-exactly.md,Day_1/d1_7a_follow-the-brief-exactly.html,2,2
D1.7B,Repair a Small Logic Error,1,Lesson 1.7,Reinforcement,10,Day_1/d1_7b_repair-a-small-logic-error.md,Day_1/d1_7b_repair-a-small-logic-error.html,2,2
D2.1A,Can the Budget Cover the Cost?,2,Lesson 2.1,Core,10,Day_2/d2_1a_can-the-budget-cover-the-cost.md,Day_2/d2_1a_can-the-budget-cover-the-cost.html,2,2
D2.1B,Compare Two Totals,2,Lesson 2.1,Reinforcement,10,Day_2/d2_1b_compare-two-totals.md,Day_2/d2_1b_compare-two-totals.html,2,3
D2.2A,Funding Status,2,Lesson 2.2,Core,10,Day_2/d2_2a_funding-status.md,Day_2/d2_2a_funding-status.html,3,2
D2.2B,Capacity Status,2,Lesson 2.2,Reinforcement,10,Day_2/d2_2b_capacity-status.md,Day_2/d2_2b_capacity-status.html,2,3
D2.2C,Positive Places,2,Lesson 2.2,Reinforcement,10,Day_2/d2_2c_positive-places.md,Day_2/d2_2c_positive-places.html,2,2
D2.3A,Event Total with a Helper,2,Lesson 2.3,Core,10,Day_2/d2_3a_event-total-with-a-helper.md,Day_2/d2_3a_event-total-with-a-helper.html,2,2
D2.3B,Calculate Then Format,2,Lesson 2.3,Reinforcement,10,Day_2/d2_3b_calculate-then-format.md,Day_2/d2_3b_calculate-then-format.html,2,2
D2.3C,Calculate Then Decide,2,Lesson 2.3,Reinforcement,10,Day_2/d2_3c_calculate-then-decide.md,Day_2/d2_3c_calculate-then-decide.html,2,2
D2.4A,Repair Printing Cost,2,Lesson 2.4,Core,10,Day_2/d2_4a_repair-printing-cost.md,Day_2/d2_4a_repair-printing-cost.html,2,2
D2.4B,Repair an Equality Bug,2,Lesson 2.4,Reinforcement,10,Day_2/d2_4b_repair-an-equality-bug.md,Day_2/d2_4b_repair-an-equality-bug.html,2,2
D2.4C,Retest After a Fix,2,Lesson 2.4,Reinforcement,10,Day_2/d2_4c_retest-after-a-fix.md,Day_2/d2_4c_retest-after-a-fix.html,2,3
D2.5A,Build from a Written Brief,2,Lesson 2.5,Core,10,Day_2/d2_5a_build-from-a-written-brief.md,Day_2/d2_5a_build-from-a-written-brief.html,2,2
D2.5B,Apply Feedback Without Changing the Contract,2,Lesson 2.5,Reinforcement,10,Day_2/d2_5b_apply-feedback-without-changing-the-contract.md,Day_2/d2_5b_apply-feedback-without-changing-the-contract.html,2,1
D3.1A,Implement a Component Contract,3,Lesson 3.1,Core,10,Day_3/d3_1a_implement-a-component-contract.md,Day_3/d3_1a_implement-a-component-contract.html,2,2
D3.1B,Implement the Status Contract,3,Lesson 3.1,Reinforcement,10,Day_3/d3_1b_implement-the-status-contract.md,Day_3/d3_1b_implement-the-status-contract.html,2,2
D3.2A,Integrate Participant and Venue Costs,3,Lesson 3.2,Core,10,Day_3/d3_2a_integrate-participant-and-venue-costs.md,Day_3/d3_2a_integrate-participant-and-venue-costs.html,2,2
D3.2B,Build the Final Event Summary,3,Lesson 3.2,Reinforcement,10,Day_3/d3_2b_build-the-final-event-summary.md,Day_3/d3_2b_build-the-final-event-summary.html,2,1
D3.3A,Test a Component with Zero,3,Lesson 3.3,Core,10,Day_3/d3_3a_test-a-component-with-zero.md,Day_3/d3_3a_test-a-component-with-zero.html,2,1
D3.3B,Repair a Teammate Component,3,Lesson 3.3,Reinforcement,10,Day_3/d3_3b_repair-a-teammate-component.md,Day_3/d3_3b_repair-a-teammate-component.html,2,1
D3.4A,Review Before You Rewrite,3,Lesson 3.4,Core,10,Day_3/d3_4a_review-before-you-rewrite.md,Day_3/d3_4a_review-before-you-rewrite.html,2,2
D4.1A,Preserve Earlier Behaviour,4,Lesson 4.1,Core,10,Day_4/d4_1a_preserve-earlier-behaviour.md,Day_4/d4_1a_preserve-earlier-behaviour.html,2,2
D4.1B,Regression Check: Exact Fit,4,Lesson 4.1,Reinforcement,10,Day_4/d4_1b_regression-check-exact-fit.md,Day_4/d4_1b_regression-check-exact-fit.html,2,2
D4.2A,Find the First Wrong Operation,4,Lesson 4.2,Core,10,Day_4/d4_2a_find-the-first-wrong-operation.md,Day_4/d4_2a_find-the-first-wrong-operation.html,2,2
D4.2B,Repair Without Breaking a Passing Helper,4,Lesson 4.2,Reinforcement,10,Day_4/d4_2b_repair-without-breaking-a-passing-helper.md,Day_4/d4_2b_repair-without-breaking-a-passing-helper.html,2,2
D4.3A,Explainable Repair,4,Lesson 4.3,Core,10,Day_4/d4_3a_explainable-repair.md,Day_4/d4_3a_explainable-repair.html,2,2
